<?xml version="1.0" encoding="UTF-8"?>
<project-private xmlns="http://www.netbeans.org/ns/project-private/1">
    <editor-bookmarks xmlns="http://www.netbeans.org/ns/editor-bookmarks/2" lastBookmarkId="0"/>
    <open-files xmlns="http://www.netbeans.org/ns/projectui-open-files/2">
        <group>
            <file>file:/C:/Users/pola%20adolf/Desktop/FCIH/2/first%20sem/PL2/9.8/src/Panels/ListAttendance.java</file>
            <file>file:/C:/Users/pola%20adolf/Desktop/FCIH/2/first%20sem/PL2/9.8/src/training/center/MyException.java</file>
            <file>file:/C:/Users/pola%20adolf/Desktop/FCIH/2/first%20sem/PL2/9.8/src/gui/StudentMain.java</file>
            <file>file:/C:/Users/pola%20adolf/Desktop/FCIH/2/first%20sem/PL2/9.8/src/gui/Login.java</file>
        </group>
    </open-files>
</project-private>
